{"framesSpraying":12198,"framesPointingOnWorkpiece":10240,"framesCorrectDistance":3509,"framesCorrectAngle":6006,"framesFullyPressed":6635,"colorConsumption":752.737244,"colorWastage":138.318359,"colorUsage":614.5083,"distanceTravelledWhileTriggerPressed":67.2325058,"framesTravelledWhileTriggerPressed":12224,"currentDistance":15.6637144,"currentAngle":48.6597977,"currentSpeed":0.587650955,"currentCoatThickness":71.54947,"speedQueue":{"q":[0.0113524757,0.008145204,0.0111885052,0.0101229092,0.0],"Limit":5}}