{"framesSpraying":405,"framesPointingOnWorkpiece":405,"framesCorrectDistance":388,"framesCorrectAngle":299,"framesFullyPressed":401,"colorConsumption":27.962122,"colorWastage":0.0,"colorUsage":27.962122,"distanceTravelledWhileTriggerPressed":1.26144207,"framesTravelledWhileTriggerPressed":407,"currentDistance":15.482172,"currentAngle":11.5628586,"currentSpeed":0.217939273,"currentCoatThickness":44.83725,"speedQueue":{"q":[0.0035044495,0.00353184831,0.0024732044,0.00273355818,0.00289161177],"Limit":5}}