{"framesSpraying":6956,"framesPointingOnWorkpiece":5326,"framesCorrectDistance":843,"framesCorrectAngle":2926,"framesFullyPressed":0,"colorConsumption":299.196625,"colorWastage":74.64044,"colorUsage":224.5453,"distanceTravelledWhileTriggerPressed":53.8142052,"framesTravelledWhileTriggerPressed":6965,"currentDistance":19.9524021,"currentAngle":52.48898,"currentSpeed":1.57036841,"currentCoatThickness":60.97654,"speedQueue":{"q":[0.0220099,0.0245972853,0.0194202252,0.0183623973,0.0246635582],"Limit":5}}