{"framesSpraying":2623,"framesPointingOnWorkpiece":1796,"framesCorrectDistance":1532,"framesCorrectAngle":1137,"framesFullyPressed":2611,"colorConsumption":181.743042,"colorWastage":55.3446274,"colorUsage":126.399689,"distanceTravelledWhileTriggerPressed":11.372508,"framesTravelledWhileTriggerPressed":2629,"currentDistance":10.8207455,"currentAngle":23.16821,"currentSpeed":0.0811418146,"currentCoatThickness":75.35058,"speedQueue":{"q":[0.00114324922,0.00133028161,0.00121814408,0.0011015801,0.0008415928],"Limit":5}}