{"framesSpraying":2535,"framesPointingOnWorkpiece":1023,"framesCorrectDistance":473,"framesCorrectAngle":368,"framesFullyPressed":2341,"colorConsumption":160.844772,"colorWastage":94.520546,"colorUsage":66.3243561,"distanceTravelledWhileTriggerPressed":13.7579861,"framesTravelledWhileTriggerPressed":2572,"currentDistance":10.6559229,"currentAngle":14.4897957,"currentSpeed":1.08133554,"currentCoatThickness":25.9671917,"speedQueue":{"q":[0.0148141831,0.0183929764,0.013593737,0.0143902432,0.0139016081],"Limit":5}}